{
	"use_masks": true,
	"fx": 923.65667725 ,
	"fy": 919.3928833,
	"cx": 624.14694662,
	"cy": 374.33765115,
	"xmin": -50,
	"xmax": 50,
	"ymin": -50,
	"ymax": 50,
	"zmin": -50,
	"zmax": 50
}